id,username,email
1,johnd,john@gmail.com
2,mor_2314,morrison@gmail.com
3,kevinryan,kevin@gmail.com
4,donero,don@gmail.com
5,derek,derek@gmail.com
6,david_r,david_r@gmail.com
7,snyder,miriam@gmail.com
8,hopkins,william@gmail.com
9,kate_h,kate@gmail.com
10,jimmie_k,jimmie@gmail.com
